deutscher Name;wissenschaftlicher Name;Kategorie;;

HÜHNERVÖGEL;ORDNUNG GALLIFORMES;;;
Fasanverwandte;Familie Phasianidae;;;
Haselhuhn;Tetrastes bonasia;A;;
Auerhuhn;Tetrao urogallus;A;;
Birkhuhn;Lyrurus tetrix;A;;
Alpenschneehuhn;Lagopus muta;A;;
Steinhuhn;Alectoris graeca;A;;
Rebhuhn;Perdix perdix;A;;
Wachtel;Coturnix coturnix;A;;
Jagdfasan;Phasianus colchicus;C1;;

ENTENVÖGEL;ORDNUNG ANSERIFORMES;;;
Entenverwandte;Familie Anatidae;;;
Ringelgans;Branta bernicla;A;;
Rothalsgans;Branta ruficollis;A;;
Kanadagans;Branta canadensis;C1;;
Weißwangengans;Branta leucopsis;A;;
Streifengans;Anser indicus;C5;;
Graugans;Anser anser;A;;
Waldsaatgans;Anser fabalis;A;;
Kurzschnabelgans;Anser brachyrhynchus;A;;
Tundrasaatgans;Anser serrirostris;A;;
Blässgans;Anser albifrons;A;;
Zwerggans;Anser erythropus;A;;
Höckerschwan;Cygnus olor;A;;
Zwergschwan;Cygnus columbianus;A;;
Singschwan;Cygnus cygnus;A;;
Nilgans;Alopochen aegyptiaca;C1;;
Brandgans;Tadorna tadorna;A;;
Rostgans;Tadorna ferruginea;BC1;;
Mandarinente;Aix galericulata;C1;;
Knäkente;Spatula querquedula;A;;
Blauflügelente;Spatula discors;A;;
Löffelente;Spatula clypeata;A;;
Schnatterente;Mareca strepera;A;;
Pfeifente;Mareca penelope;A;;
Kanadapfeifente;Mareca americana;A;;
Stockente;Anas platyrhynchos;A;;
Spießente;Anas acuta;A;;
Krickente;Anas crecca;A;;
Carolinakrickente;Anas carolinensis;A;;
Marmelente;Marmaronetta angustirostris;BE;;
Kolbenente;Netta rufina;A;;
Tafelente;Aythya ferina;A;;
Moorente;Aythya nyroca;A;;
Ringschnabelente;Aythya collaris;A;;
Reiherente;Aythya fuligula;A;;
Bergente;Aythya marila;A;;
Kanadabergente;Aythya affinis;A;;
Scheckente;Polysticta stelleri;A;;
Prachteiderente;Somateria spectabilis;A;;
Eiderente;Somateria mollissima;A;;
Kragenente;Histrionicus histrionicus;BD;;
Brillenente;Melanitta perspicillata;A;;
Samtente;Melanitta fusca;A;;
Kamtschatkasamtente;Melanitta stejnegeri;A;;
Trauerente;Melanitta nigra;A;;
Pazifiktrauerente;Melanitta americana;A;;
Eisente;Clangula hyemalis;A;;
Schellente;Bucephala clangula;A;;
Spatelente;Bucephala islandica;BE;;
Zwergsäger;Mergellus albellus;A;;
Gänsesäger;Mergus merganser;A;;
Mittelsäger;Mergus serrator;A;;
Schwarzkopf-Ruderente;Oxyura jamaicensis;C5;;
Weißkopf-Ruderente;Oxyura leucocephala;BD;;

NACHTSCHWALBENVÖGEL;ORDNUNG CAPRIMULGIFORMES;;;
Nachtschwalben;Familie Caprimulgidae;;;
Nachtschwalbe;Caprimulgus europaeus;A;;
Pharaonennachtschwalbe;Caprimulgus aegyptius;B;;

SEGLERVÖGEL;ORDNUNG APODIFORMES;;;
Segler;Familie Apodidae;;;
Alpensegler;Tachymarptis melba;A;;
Mauersegler;Apus apus;A;;
Fahlsegler;Apus pallidus;A;;
Pazifiksegler;Apus pacificus;A;;
Haussegler;Apus affinis;A;;

TRAPPEN;ORDNUNG OTIDIFORMES;;;
Trappen;Familie Otididae;;;
Großtrappe;Otis tarda;A;;
Steppenkragentrappe;Chlamydotis macqueenii;A;;
Zwergtrappe;Tetrax tetrax;A;;

KUCKUCKE;ORDNUNG CUCULIFORMES;;;
Kuckucke;Familie Cuculidae;;;
Häherkuckuck;Clamator glandarius;A;;
Schwarzschnabelkuckuck;Coccyzus erythropthalmus;A;;
Kuckuck;Cuculus canorus;A;;

FLUGHÜHNER;ORDNUNG PTEROCLIFORMES;;;
Flughühner;Familie Pteroclidae;;;
Steppenflughuhn;Syrrhaptes paradoxus;A;;
Sandflughuhn;Pterocles orientalis;B;;

TAUBEN;ORDNUNG COLUMBIFORMES;;;
Tauben;Familie Columbidae;;;
Straßentaube;Columba livia f. domestica;C4;;
Hohltaube;Columba oenas;A;;
Ringeltaube;Columba palumbus;A;;
Turteltaube;Streptopelia turtur;A;;
Orientturteltaube;Streptopelia orientalis;A;;
Türkentaube;Streptopelia decaocto;A;;
Carolinataube;Zenaida macroura;A;;

KRANICHVÖGEL;ORDNUNG GRUIFORMES;;;
Rallen;Familie Rallidae;;;
Wasserralle;Rallus aquaticus;A;;
Wachtelkönig;Crex crex;A;;
Kleinsumpfhuhn;Zapornia parva;A;;
Zwergsumpfhuhn;Zapornia pusilla;A;;
Tüpfelsumpfhuhn;Porzana porzana;A;;
Purpurhuhn;Porphyrio porphyrio;BD;;
Graukopf-Purpurhuhn;Porphyrio poliocephalus;A;;
Bronzesultanshuhn;Porphyrio alleni;BD;;
Teichhuhn;Gallinula chloropus;A;;
Blässhuhn;Fulica atra;A;;
Kraniche;Familie Gruidae;;;
Kanadakranich;Antigone canadensis;A;;
Jungfernkranich;Grus virgo;BD;;
Kranich;Grus grus;A;;

LAPPENTAUCHER;ORDNUNG PODICIPEDIFORMES;;;
Lappentaucher;Familie Podicipedidae;;;
Zwergtaucher;Tachybaptus ruficollis;A;;
Bindentaucher;Podilymbus podiceps;A;;
Rothalstaucher;Podiceps grisegena;A;;
Haubentaucher;Podiceps cristatus;A;;
Ohrentaucher;Podiceps auritus;A;;
Schwarzhalstaucher;Podiceps nigricollis;A;;

FLAMINGOS;ORDNUNG PHOENICOPTERIFORMES;;;
Flamingos;Familie Phoenicopteridae;;;
Rosaflamingo;Phoenicopterus roseus;A;;

REGENPFEIFERVÖGEL;ORDNUNG CHARADRIIFORMES;;;
Triele;Familie Burhinidae;;;
Triel;Burhinus oedicnemus;A;;
Austernfischer;Familie Haematopodidae;;;
Austernfischer;Haematopus ostralegus;A;;
Säbelschnäblerverwandte;Familie Recurvirostridae;;;
Stelzenläufer;Himantopus himantopus;A;;
Säbelschnäbler;Recurvirostra avosetta;A;;
Regenpfeiferverwandte;Familie Charadriidae;;;
Kiebitz;Vanellus vanellus;A;;
Steppenkiebitz;Vanellus gregarius;A;;
Weißschwanzkiebitz;Vanellus leucurus;A;;
Goldregenpfeifer;Pluvialis apricaria;A;;
Tundra-Goldregenpfeifer;Pluvialis fulva;A;;
Prärie-Goldregenpfeifer;Pluvialis dominica;A;;
Kiebitzregenpfeifer;Pluvialis squatarola;A;;
Sandregenpfeifer;Charadrius hiaticula;A;;
Flussregenpfeifer;Charadrius dubius;A;;
Seeregenpfeifer;Charadrius alexandrinus;A;;
Wüstenregenpfeifer;Charadrius leschenaultii;A;;
Wermutregenpfeifer;Charadrius asiaticus;B;;
Mornellregenpfeifer;Charadrius morinellus;A;;
Schnepfenverwandte;Familie Scolopacidae;;;
Prärieläufer;Bartramia longicauda;B;;
Regenbrachvogel;Numenius phaeopus;A;;
Dünnschnabel-Brachvogel;Numenius tenuirostris;B;;
Brachvogel;Numenius arquata;A;;
Pfuhlschnepfe;Limosa lapponica;A;;
Uferschnepfe;Limosa limosa;A;;
Steinwälzer;Arenaria interpres;A;;
Anadyrknutt;Calidris tenuirostris;Ao;;
Knutt;Calidris canutus;A;;
Kampfläufer;Calidris pugnax;A;;
Sumpfläufer;Calidris falcinellus;A;;
Spitzschwanz-Strandläufer;Calidris acuminata;A;;
Bindenstrandläufer;Calidris himantopus;A;;
Sichelstrandläufer;Calidris ferruginea;A;;
Temminckstrandläufer;Calidris temminckii;A;;
Langzehen-Strandläufer;Calidris subminuta;A;;
Rotkehl-Strandläufer;Calidris ruficollis;Ao;;
Sanderling;Calidris alba;A;;
Alpenstrandläufer;Calidris alpina;A;;
Meerstrandläufer;Calidris maritima;A;;
Bairdstrandläufer;Calidris bairdii;A;;
Zwergstrandläufer;Calidris minuta;A;;
Wiesenstrandläufer;Calidris minutilla;A;;
Weißbürzel-Strandläufer;Calidris fuscicollis;A;;
Grasläufer;Calidris subruficollis;A;;
Graubrust-Strandläufer;Calidris melanotos;A;;
Sandstrandläufer;Calidris pusilla;A;;
Tundraschlammläufer;Limnodromus scolopaceus;A;;
Moorschlammläufer;Limnodromus griseus;Ao;;
Waldschnepfe;Scolopax rusticola;A;;
Zwergschnepfe;Lymnocryptes minimus;A;;
Doppelschnepfe;Gallinago media;A;;
Bekassine;Gallinago gallinago;A;;
Terekwasserläufer;Xenus cinereus;A;;
Wilsonwassertreter;Phalaropus tricolor;A;;
Odinshühnchen;Phalaropus lobatus;A;;
Thorshühnchen;Phalaropus fulicarius;A;;
Flussuferläufer;Actitis hypoleucos;A;;
Drosseluferläufer;Actitis macularius;A;;
Waldwasserläufer;Tringa ochropus;A;;
Gelbschenkel;Tringa flavipes;A;;
Rotschenkel;Tringa totanus;A;;
Teichwasserläufer;Tringa stagnatilis;A;;
Bruchwasserläufer;Tringa glareola;A;;
Dunkelwasserläufer;Tringa erythropus;A;;
Grünschenkel;Tringa nebularia;A;;
Brachschwalbenverwandte;Familie Glareolidae;;;
Rennvogel;Cursorius cursor;A;;
Rotflügel-Brachschwalbe;Glareola pratincola;A;;
Schwarzflügel-Brachschwalbe;Glareola nordmanni;A;;
Möwenverwandte;Familie Laridae;;;
Noddi;Anous stolidus;B;;
Dreizehenmöwe;Rissa tridactyla;A;;
Elfenbeinmöwe;Pagophila eburnea;A;;
Schwalbenmöwe;Xema sabini;A;;
Dünnschnabelmöwe;Chroicocephalus genei;A;;
Bonapartemöwe;Chroicocephalus philadelphia;A;;
Lachmöwe;Chroicocephalus ridibundus;A;;
Zwergmöwe;Hydrocoloeus minutus;A;;
Rosenmöwe;Rhodostethia rosea;A;;
Aztekenmöwe;Leucophaeus atricilla;A;;
Präriemöwe;Leucophaeus pipixcan;A;;
Korallenmöwe;Ichthyaetus audouinii;A;;
Schwarzkopfmöwe;Ichthyaetus melanocephalus;A;;
Fischmöwe;Ichthyaetus ichthyaetus;A;;
Sturmmöwe;Larus canus;A;;
Ringschnabelmöwe;Larus delawarensis;A;;
Mantelmöwe;Larus marinus;A;;
Eismöwe;Larus hyperboreus;A;;
Polarmöwe;Larus glaucoides;A;;
Silbermöwe;Larus argentatus;A;;
Kanadamöwe;Larus smithsonianus;A;;
Steppenmöwe;Larus cachinnans;A;;
Mittelmeermöwe;Larus michahellis;A;;
Heringsmöwe;Larus fuscus;A;;
Lachseeschwalbe;Gelochelidon nilotica;A;;
Raubseeschwalbe;Hydroprogne caspia;A;;
Rüppellseeschwalbe;Thalasseus bengalensis;A;;
Brandseeschwalbe;Thalasseus sandvicensis;A;;
Schmuckseeschwalbe;Thalasseus elegans;A;;
Zwergseeschwalbe;Sternula albifrons;A;;
Zügelseeschwalbe;Onychoprion anaethetus;A;;
Rußseeschwalbe;Onychoprion fuscatus;A;;
Rosenseeschwalbe;Sterna dougallii;A;;
Flussseeschwalbe;Sterna hirundo;A;;
Küstenseeschwalbe;Sterna paradisaea;A;;
Weißbart-Seeschwalbe;Chlidonias hybrida;A;;
Weißflügel-Seeschwalbe;Chlidonias leucopterus;A;;
Trauerseeschwalbe;Chlidonias niger;A;;
Raubmöwen;Familie Stercorariidae;;;
Skua;Stercorarius skua;A;;
Spatelraubmöwe;Stercorarius pomarinus;A;;
Schmarotzerraubmöwe;Stercorarius parasiticus;A;;
Falkenraubmöwe;Stercorarius longicaudus;A;;
Alke;Familie Alcidae;;;
Krabbentaucher;Alle alle;A;;
Dickschnabellumme;Uria lomvia;A;;
Trottellumme;Uria aalge;A;;
Tordalk;Alca torda;A;;
Gryllteiste;Cepphus grylle;A;;
Papageitaucher;Fratercula arctica;A;;

SEETAUCHER;ORDNUNG GAVIIFORMES;;;
Seetaucher;Familie Gaviidae;;;
Sterntaucher;Gavia stellata;A;;
Prachttaucher;Gavia arctica;A;;
Eistaucher;Gavia immer;A;;
Gelbschnabeltaucher;Gavia adamsii;A;;

RÖHRENNASEN;ORDNUNG PROCELLARIIFORMES;;;
Sturmschwalben;Familie Oceanitidae;;;
Buntfuß-Sturmschwalbe;Oceanites oceanicus;A;;
Albatrosse;Familie Diomedeidae;;;
Schwarzbrauenalbatros;Thalassarche melanophris;A;;
Wellenläufer;Familie Hydrobatidae;;;
Sturmwellenläufer;Hydrobates pelagicus;A;;
Wellenläufer;Oceanodroma leucorhoa;A;;
Sturmvögel;Familie Procellariidae;;;
Eissturmvogel;Fulmarus glacialis;A;;
Sepiasturmtaucher;Calonectris diomedea;B;;
Corysturmtaucher;Calonectris borealis;A;;
Dunkelsturmtaucher;Ardenna grisea;A;;
Kappensturmtaucher;Ardenna gravis;A;;
Atlantiksturmtaucher;Puffinus puffinus;A;;
Balearensturmtaucher;Puffinus mauretanicus;A;;
Barolosturmtaucher;Puffinus baroli;A;;
Bulwersturmvogel;Bulweria bulwerii;A;;

STÖRCHE;ORDNUNG CICONIIFORMES;;;
Störche;Familie Ciconiidae;;;
Schwarzstorch;Ciconia nigra;A;;
Weißstorch;Ciconia ciconia;A;;

RUDERFÜSSER;ORDNUNG SULIFORMES;;;
Tölpel;Familie Sulidae;;;
Basstölpel;Morus bassanus;A;;
Weißbauchtölpel;Sula leucogaster;A;;
Scharben;Familie Phalacrocoracidae;;;
Zwergscharbe;Microcarbo pygmaeus;A;;
Krähenscharbe;Phalacrocorax aristotelis;A;;
Kormoran;Phalacrocorax carbo;A;;

PELIKANVÖGEL;ORDNUNG PELECANIFORMES;;;
Ibisse;Familie Threskiornithidae;;;
Sichler;Plegadis falcinellus;A;;
Löffler;Platalea leucorodia;A;;
Reiher;Familie Ardeidae;;;
Rohrdommel;Botaurus stellaris;A;;
Zwergdommel;Ixobrychus minutus;A;;
Nachtreiher;Nycticorax nycticorax;A;;
Rallenreiher;Ardeola ralloides;A;;
Kuhreiher;Bubulcus ibis;A;;
Graureiher;Ardea cinerea;A;;
Purpurreiher;Ardea purpurea;A;;
Silberreiher;Ardea alba;A;;
Seidenreiher;Egretta garzetta;A;;
Pelikane;Familie Pelecanidae;;;
Rosapelikan;Pelecanus onocrotalus;BD;;
Krauskopfpelikan;Pelecanus crispus;A;;

GREIFVÖGEL;ORDNUNG ACCIPITRIFORMES;;;
Fischadler;Familie Pandionidae;;;
Fischadler;Pandion haliaetus;A;;
Habichtverwandte;Familie Accipitridae;;;
Gleitaar;Elanus caeruleus;A;;
Bartgeier;Gypaetus barbatus;BE;;
Schmutzgeier;Neophron percnopterus;A;;
Wespenbussard;Pernis apivorus;A;;
Gänsegeier;Gyps fulvus;A;;
Mönchsgeier;Aegypius monachus;BE;;
Schlangenadler;Circaetus gallicus;A;;
Schreiadler;Clanga pomarina;A;;
Schelladler;Clanga clanga;A;;
Zwergadler;Hieraaetus pennatus;A;;
Steppenadler;Aquila nipalensis;A;;
Kaiseradler;Aquila heliaca;A;;
Steinadler;Aquila chrysaetos;A;;
Habichtsadler;Aquila fasciata;A;;
Sperber;Accipiter nisus;A;;
Habicht;Accipiter gentilis;A;;
Rohrweihe;Circus aeruginosus;A;;
Kornweihe;Circus cyaneus;A;;
Steppenweihe;Circus macrourus;A;;
Wiesenweihe;Circus pygargus;A;;
Rotmilan;Milvus milvus;A;;
Schwarzmilan;Milvus migrans;A;;
Seeadler;Haliaeetus albicilla;A;;
Raufußbussard;Buteo lagopus;A;;
Adlerbussard;Buteo rufinus;A;;
Mäusebussard;Buteo buteo;A;;

EULEN;ORDNUNG STRIGIFORMES;;;
Schleiereulen;Familie Tytonidae;;;
Schleiereule;Tyto alba;A;;
Eulen;Familie Strigidae;;;
Zwergohreule;Otus scops;A;;
Schneeeule;Bubo scandiacus;A;;
Uhu;Bubo bubo;A;;
Waldkauz;Strix aluco;A;;
Habichtskauz;Strix uralensis;BE;;
Sperbereule;Surnia ulula;A;;
Sperlingskauz;Glaucidium passerinum;A;;
Steinkauz;Athene noctua;A;;
Raufußkauz;Aegolius funereus;A;;
Waldohreule;Asio otus;A;;
Sumpfohreule;Asio flammeus;A;;

HORNVÖGEL;ORDNUNG BUCEROTIFORMES;;;
Wiedehopfe;Familie Upupidae;;;
Wiedehopf;Upupa epops;A;;

RACKENVÖGEL;ORDNUNG CORACIIFORMES;;;
Racken;Familie Coraciidae;;;
Blauracke;Coracias garrulus;A;;
Eisvögel;Familie Alcedinidae;;;
Eisvogel;Alcedo atthis;A;;
Spinte;Familie Meropidae;;;
Blauwangenspint;Merops persicus;A;;
Bienenfresser;Merops apiaster;A;;

SPECHTVÖGEL;ORDNUNG PICIFORMES;;;
Spechte;Familie Picidae;;;
Wendehals;Jynx torquilla;A;;
Dreizehenspecht;Picoides tridactylus;A;;
Mittelspecht;Dendrocoptes medius;A;;
Kleinspecht;Dryobates minor;A;;
Blutspecht;Dendrocopos syriacus;A;;
Buntspecht;Dendrocopos major;A;;
Weißrückenspecht;Dendrocopos leucotos;A;;
Schwarzspecht;Dryocopus martius;A;;
Grünspecht;Picus viridis;A;;
Grauspecht;Picus canus;A;;

FALKEN;ORDNUNG FALCONIFORMES;;;
Falken;Familie Falconidae;;;
Rötelfalke;Falco naumanni;A;;
Turmfalke;Falco tinnunculus;A;;
Rotfußfalke;Falco vespertinus;A;;
Eleonorenfalke;Falco eleonorae;A;;
Merlin;Falco columbarius;A;;
Baumfalke;Falco subbuteo;A;;
Würgfalke;Falco cherrug;A;;
Gerfalke;Falco rusticolus;A;;
Wanderfalke;Falco peregrinus;A;;

PAPAGEIEN;ORDNUNG PSITTACIFORMES;;;
Altweltpapageien;Familie Psittaculidae;;;
Halsbandsittich;Psittacula krameri;C1;;

SPERLINGSVÖGEL;ORDNUNG PASSERIFORMES;;;
Würger;Familie Laniidae;;;
Braunwürger;Lanius cristatus;A;;
Neuntöter;Lanius collurio;A;;
Isabellwürger;Lanius isabellinus;A;;
Rotschwanzwürger;Lanius phoenicuroides;A;;
Schwarzstirnwürger;Lanius minor;A;;
Raubwürger;Lanius excubitor;A;;
Rotkopfwürger;Lanius senator;A;;
Maskenwürger;Lanius nubicus;A;;
Vireos;Familie Vireonidae;;;
Gelbkehlvireo;Vireo flavifrons;Ao;;
Rotaugenvireo;Vireo olivaceus;A;;
Pirole;Familie Oriolidae;;;
Pirol;Oriolus oriolus;A;;
Krähenverwandte;Familie Corvidae;;;
Eichelhäher;Garrulus glandarius;A;;
Elster;Pica pica;A;;
Tannenhäher;Nucifraga caryocatactes;A;;
Alpenkrähe;Pyrrhocorax pyrrhocorax;B;;
Alpendohle;Pyrrhocorax graculus;A;;
Dohle;Corvus monedula;A;;
Saatkrähe;Corvus frugilegus;A;;
Rabenkrähe;Corvus corone;A;;
Nebelkrähe;Corvus cornix;A;;
Kolkrabe;Corvus corax;A;;
Seidenschwänze;Familie Bombycillidae;;;
Seidenschwanz;Bombycilla garrulus;A;;
Meisen;Familie Paridae;;;
Tannenmeise;Periparus ater;A;;
Haubenmeise;Lophophanes cristatus;A;;
Sumpfmeise;Poecile palustris;A;;
Weidenmeise;Poecile montanus;A;;
Blaumeise;Cyanistes caeruleus;A;;
Lasurmeise;Cyanistes cyanus;A;;
Kohlmeise;Parus major;A;;
Beutelmeisen;Familie Remizidae;;;
Beutelmeise;Remiz pendulinus;A;;
Bartmeisen;Familie Panuridae;;;
Bartmeise;Panurus biarmicus;A;;
Lerchen;Familie Alaudidae;;;
Heidelerche;Lullula arborea;A;;
Weißflügellerche;Alauda leucoptera;B;;
Feldlerche;Alauda arvensis;A;;
Haubenlerche;Galerida cristata;A;;
Ohrenlerche;Eremophila alpestris;A;;
Kurzzehenlerche;Calandrella brachydactyla;A;;
Kalanderlerche;Melanocorypha calandra;A;;
Schwarzsteppenlerche;Melanocorypha yeltoniensis;B;;
Stummellerche;Alaudala rufescens;B;;
Schwalben;Familie Hirundinidae;;;
Uferschwalbe;Riparia riparia;A;;
Rauchschwalbe;Hirundo rustica;A;;
Felsenschwalbe;Ptyonoprogne rupestris;A;;
Mehlschwalbe;Delichon urbicum;A;;
Rötelschwalbe;Cecropis daurica;A;;
Buschsänger;Familie Cettiidae;;;
Seidensänger;Cettia cetti;A;;
Schwanzmeisen;Familie Aegithalidae;;;
Schwanzmeise;Aegithalos caudatus;A;;
Laubsänger;Familie Phylloscopidae;;;
Waldlaubsänger;Phylloscopus sibilatrix;A;;
Berglaubsänger;Phylloscopus bonelli;A;;
Tienschan-Laubsänger;Phylloscopus humei;A;;
Gelbbrauen-Laubsänger;Phylloscopus inornatus;A;;
Goldhähnchen-Laubsänger;Phylloscopus proregulus;A;;
Bartlaubsänger;Phylloscopus schwarzi;A;;
Dunkellaubsänger;Phylloscopus fuscatus;A;;
Fitis;Phylloscopus trochilus;A;;
Zilpzalp;Phylloscopus collybita;A;;
Iberienzilpzalp;Phylloscopus ibericus;A;;
Kronenlaubsänger;Phylloscopus coronatus;A;;
Wacholderlaubsänger;Phylloscopus nitidus;A;;
Middendorff-Laubsänger;Phylloscopus plumbeitarsus;A;;
Grünlaubsänger;Phylloscopus trochiloides;A;;
Wanderlaubsänger;Phylloscopus borealis;A;;
Rohrsängerverwandte;Familie Acrocephalidae;;;
Drosselrohrsänger;Acrocephalus arundinaceus;A;;
Mariskenrohrsänger;Acrocephalus melanopogon;A;;
Seggenrohrsänger;Acrocephalus paludicola;A;;
Schilfrohrsänger;Acrocephalus schoenobaenus;A;;
Feldrohrsänger;Acrocephalus agricola;A;;
Buschrohrsänger;Acrocephalus dumetorum;A;;
Teichrohrsänger;Acrocephalus scirpaceus;A;;
Sumpfrohrsänger;Acrocephalus palustris;A;;
Buschspötter;Iduna caligata;A;;
Steppenspötter;Iduna rama;A;;
Blassspötter;Iduna pallida;A;;
Orpheusspötter;Hippolais polyglotta;A;;
Gelbspötter;Hippolais icterina;A;;
Schwirlverwandte;Familie Locustellidae;;;
Streifenschwirl;Helopsaltes certhiola;B;;
Strichelschwirl;Locustella lanceolata;A;;
Feldschwirl;Locustella naevia;A;;
Schlagschwirl;Locustella fluviatilis;A;;
Rohrschwirl;Locustella luscinioides;A;;
Halmsänger;Familie Cisticolidae;;;
Zistensänger;Cisticola juncidis;A;;
Grasmückenverwandte;Familie Sylviidae;;;
Mönchsgrasmücke;Sylvia atricapilla;A;;
Gartengrasmücke;Sylvia borin;A;;
Sperbergrasmücke;Sylvia nisoria;A;;
Klappergrasmücke;Sylvia curruca;A;;
Orpheusgrasmücke;Sylvia hortensis;A;;
Wüstengrasmücke;Sylvia nana;A;;
Dorngrasmücke;Curruca communis;A;;
Provencegrasmücke;Sylvia undata;A;;
Brillengrasmücke;Sylvia conspicillata;A;;
Weißbart-Grasmücke;Sylvia cantillans;A;;
Ligurien-Bartgrasmücke;Sylvia subalpina;A;;
Samtkopf-Grasmücke;Sylvia melanocephala;A;;
Goldhähnchen;Familie Regulidae;;;
Sommergoldhähnchen;Regulus ignicapilla;A;;
Wintergoldhähnchen;Regulus regulus;A;;
Zaunkönige;Familie Troglodytidae;;;
Zaunkönig;Troglodytes troglodytes;A;;
Kleiber;Familie Sittidae;;;
Kleiber;Sitta europaea;A;;
Mauerläufer;Familie Tichodromidae;;;
Mauerläufer;Tichodroma muraria;A;;
Baumläufer;Familie Certhiidae;;;
Waldbaumläufer;Certhia familiaris;A;;
Gartenbaumläufer;Certhia brachydactyla;A;;
Spottdrosseln;Familie Mimidae;;;
Katzenspottdrossel;Dumetella carolinensis;B;;
Starenverwandte;Familie Sturnidae;;;
Rosenstar;Pastor roseus;A;;
Star;Sturnus vulgaris;A;;
Drosseln;Familie Turdidae;;;
Schieferdrossel;Geokichla sibirica;A;;
Erddrossel;Zoothera aurea;A;;
Grauwangen-Musendrossel;Catharus minimus;B;;
Zwergmusendrossel;Catharus ustulatus;A;;
Einsiedler-Musendrossel;Catharus guttatus;B;;
Einfarbdrossel;Turdus unicolor;B;;
Ringdrossel;Turdus torquatus;A;;
Amsel;Turdus merula;A;;
Weißbrauendrossel;Turdus obscurus;A;;
Schwarzkehldrossel;Turdus atrogularis;A;;
Rotkehldrossel;Turdus ruficollis;A;;
Rostschwanzdrossel;Turdus naumanni;A;;
Rostflügeldrossel;Turdus eunomus;A;;
Wacholderdrossel;Turdus pilaris;A;;
Rotdrossel;Turdus iliacus;A;;
Singdrossel;Turdus philomelos;A;;
Misteldrossel;Turdus viscivorus;A;;
Wanderdrossel;Turdus migratorius;A;;
Schnäpperverwandte;Familie Muscicapidae;;;
Heckensänger;Cercotrichas galactotes;A;;
Grauschnäpper;Muscicapa striata;A;;
Rotkehlchen;Erithacus rubecula;A;;
Blaukehlchen;Luscinia svecica;A;;
Sprosser;Luscinia luscinia;A;;
Nachtigall;Luscinia megarhynchos;A;;
Rubinkehlchen;Calliope calliope;A;;
Blauschwanz;Tarsiger cyanurus;A;;
Trauerschnäpper;Ficedula hypoleuca;A;;
Halsbandschnäpper;Ficedula albicollis;A;;
Zwergschnäpper;Ficedula parva;A;;
Hausrotschwanz;Phoenicurus ochruros;A;;
Gartenrotschwanz;Phoenicurus phoenicurus;A;;
Steinrötel;Monticola saxatilis;A;;
Blaumerle;Monticola solitarius;A;;
Braunkehlchen;Saxicola rubetra;A;;
Schwarzkehlchen;Saxicola rubicola;A;;
Pallasschwarzkehlchen;Saxicola maurus;A;;
Steinschmätzer;Oenanthe oenanthe;A;;
Isabellsteinschmätzer;Oenanthe isabellina;A;;
Wüstensteinschmätzer;Oenanthe deserti;A;;
Mittelmeer-Steinschmätzer*;Oenanthe hispanica;A;;
Zypernsteinschmätzer;Oenanthe cypriaca;B;;
Nonnensteinschmätzer;Oenanthe pleschanka;A;;
Wasseramseln;Familie Cinclidae;;;
Wasseramsel;Cinclus cinclus;A;;
Sperlinge;Familie Passeridae;;;
Haussperling;Passer domesticus;A;;
Feldsperling;Passer montanus;A;;
Steinsperling;Petronia petronia;B;;
Schneesperling;Montifringilla nivalis;A;;
Braunellen;Familie Prunellidae;;;
Alpenbraunelle;Prunella collaris;A;;
Bergbraunelle;Prunella montanella;A;;
Schwarzkehlbraunelle;Prunella atrogularis;A;;
Heckenbraunelle;Prunella modularis;A;;
Stelzenverwandte;Familie Motacillidae;;;
Schafstelze;Motacilla flava;A;;
Zitronenstelze;Motacilla citreola;A;;
Gebirgsstelze;Motacilla cinerea;A;;
Bachstelze;Motacilla alba;A;;
Spornpieper;Anthus richardi;A;;
Steppenpieper;Anthus godlewskii;A;;
Brachpieper;Anthus campestris;A;;
Wiesenpieper;Anthus pratensis;A;;
Baumpieper;Anthus trivialis;A;;
Waldpieper;Anthus hodgsoni;A;;
Petschorapieper;Anthus gustavi;A;;
Rotkehlpieper;Anthus cervinus;A;;
Pazifikpieper;Anthus rubescens;A;;
Bergpieper;Anthus spinoletta;A;;
Strandpieper;Anthus petrosus;A;;
Finkenverwandte;Familie Fringillidae;;;
Buchfink;Fringilla coelebs;A;;
Bergfink;Fringilla montifringilla;A;;
Kernbeißer;Coccothraustes coccothraustes;A;;
Hakengimpel;Pinicola enucleator;A;;
Gimpel;Pyrrhula pyrrhula;A;;
Wüstengimpel;Bucanetes githagineus;A;;
Karmingimpel;Carpodacus erythrinus;A;;
Grünfink;Chloris chloris;A;;
Berghänfling;Linaria flavirostris;A;;
Bluthänfling;Linaria cannabina;A;;
Taigabirkenzeisig;Acanthis flammea;A;;
Alpenbirkenzeisig;Acanthis cabaret;A;;
Polarbirkenzeisig;Acanthis hornemanni;A;;
Kiefernkreuzschnabel;Loxia pytyopsittacus;A;;
Fichtenkreuzschnabel;Loxia curvirostra;A;;
Bindenkreuzschnabel;Loxia leucoptera;A;;
Stieglitz;Carduelis carduelis;A;;
Zitronenzeisig;Carduelis citrinella;A;;
Girlitz;Serinus serinus;A;;
Erlenzeisig;Spinus spinus;A;;
Tundraammern;Familie Calcariidae;;;
Spornammer;Calcarius lapponicus;A;;
Schneeammer;Plectrophenax nivalis;A;;
Ammern;Familie Emberizidae;;;
Grauammer;Emberiza calandra;A;;
Goldammer;Emberiza citrinella;A;;
Fichtenammer;Emberiza leucocephalos;A;;
Zippammer;Emberiza cia;A;;
Steinortolan;Emberiza buchanani;A;;
Türkenammer;Emberiza cineracea;B;;
Ortolan;Emberiza hortulana;A;;
Grauortolan;Emberiza caesia;A;;
Zaunammer;Emberiza cirlus;A;;
Zwergammer;Emberiza pusilla;A;;
Waldammer;Emberiza rustica;A;;
Weidenammer;Emberiza aureola;A;;
Kappenammer;Emberiza melanocephala;A;;
Braunkopfammer;Emberiza bruniceps;BD;;
Maskenammer;Emberiza spodocephala;A;;
Rohrammer;Emberiza schoeniclus;A;;
Waldsänger;Familie Parulidae;;;
Meisenwaldsänger;Setophaga americana;Ao;;
Grünmantel-Waldsänger;Setophaga virens;B;;



Anhang 1;Arten der Kategorie D;;;

Gluckente;Sibirionetta formosa;D;;
Sichelente;Mareca falcata;D;;
Chileflamingo;Phoenicopterus chilensis;D;;
Schmuckreiher;Egretta thula;D;;
Singammer;Melospiza melodia;D;;



Anhang 2;Arten  der Kategorie E (Auswahl);;;

Nandu;Rhea americana;E;;
Truthuhn;Meleagris gallopavo;E;;
Rothuhn;Alectoris rufa;E;;
Zwergkanadagans;Branta hutchinsii;E;;
Zwergschneegans;Anser rossii;E;;
Schneegans;Anser caerulescens;E;;
Höckergans;Anser cygnoid f. domestica;E;;
Schwarzschwan;Cygnus atratus;E;;
Moschusente;Cairina moschata;E;;
Brautente;Aix sponsa;E;;
Rotschulterente;Callonetta leucophrys;E;;
Indien-Fleckschnabelente;Anas poecilorhyncha;E;;
Dunkelente;Anas rubripes;E;;
Bahamaente;Anas bahamensis;E;;
Riesentafelente;Aythya valisineria;E;;
Rotkopfente;Aythya americana;E;;
Büffelkopfente;Bucephala albeola;E;;
Kappensäger;Lophodytes cucullatus;E;;
Spießflughuhn;Pterocles alchata;E;;
Palmtaube;Spilopelia senegalensis;E;;
Kubaflamingo;Phoenicopterus ruber;E;;
Zwergflamingo;Phoeniconaias minor;E;;
Spornkiebitz;Vanellus spinosus;E;;
Ohrenscharbe;Phalacrocorax auritus;E;;
Pharaonenibis;Threskiornis aethiopicus;E;;
Waldrapp;Geronticus eremita;E;;
Rotgesichtlöffler;Platalea alba;E;;
Schwarzhalsreiher;Ardea melanocephala;E;;
Dreifarbenreiher;Egretta tricolor;E;;
Küstenreiher;Egretta gularis;E;;
Rötelpelikan;Pelecanus rufescens;E;;
Sperbergeier;Gyps rueppelli;E;;
Bindenseeadler;Haliaeetus leucoryphus;E;;
Weißkopf-Seeadler;Haliaeetus leucocephalus;E;;
Riesenseeadler;Haliaeetus pelagicus;E;;
Virginiauhu;Bubo virginianus;E;;
Buntfalke;Falco sparverius;E;;
Lannerfalke;Falco biarmicus;E;;
Gelbkopfamazone;Amazona oratrix;E;;
Blaustirnamazone;Amazona aestiva;E;;
Alexandersittich;Psittacula eupatria;E;;
Azurelster;Cyanopica cyanus;E;;
Elsterdohle;Coloeus dauuricus;E;;
Bergkalanderlerche;Melanocorypha bimaculata;E;;
Hirtenmaina;Acridotheres tristis;E;;
Mongolenstar;Agropsar sturninus;E;;
Amurdrossel;Turdus hortulorum;E;;
Fahldrossel;Turdus pallidus;E;;
Rußschnäpper;Muscicapa sibirica;E;;
Saharasteinschmätzer;Oenanthe leucopyga;E;;
Meisengimpel;Carpodacus sibiricus;E;;
Wiesenammer;Emberiza cioides;E;;
Gelbkehlammer;Emberiza elegans;E;;
Fuchsammer;Passerella iliaca;E;;
Dachsammer;Zonotrichia leucophrys;E;;
Weißkehlammer;Zonotrichia albicollis;E;;
Braunkopf-Kuhstärling;Molothrus ater;E;;
Rosenbrust-Kernknacker;Pheucticus ludovicianus;E;;
Indigofink;Passerina cyanea;E;;
Lazulifink;Passerina amoena;E;;
© 2019 Deutsche Ornithologen-Gesellschaft e.V., Radolfzell

Diese Excel-Tabelle kann für eigene Zwecke verwendet und bearbeitet werden, veränderte oder bearbeitete Versionen dürfen aber nicht an Dritte weitergegeben werden. 
Das Original steht frei verfügbar auf der Website der DO-G www.do-g.de zum Download bereit.
Die DO-G übernimmt keine Verantwortung für den Inhalt bearbeiteter, ergänzter oder veränderter Versionen dieser Tabelle. 
